<contr Object="Врадіївка">
	<!-- ASU TP Controllers' configurations -->
	<!--  Object: "Врадіївка"  -->
	<adam1 DriverIdx="0" dest="RP1-1" typenum="0" subtype="1" baud="115200" port="/dev/ser3">
		<a1>
			<Name>K-BPR (1)</Name>
			<Location>ШКЗ-1 </Location>
			<Type>K-IPR</Type>
		</a1>
		<a2>
			<Name>K-BPB (2)</Name>
			<Location>ШКЗ-1</Location>
			<Type numval="10">K-IPI</Type>
		</a2>
		<a13>
			<Name>K-BPR (13)</Name>
			<Location>ШКЗ-5</Location>
			<Type>K-IPR</Type>
		</a13>
		<a14>
			<Name>K-BPR (14)</Name>
			<Location>ШКЗ-5</Location>
			<Type>K-IPR</Type>
		</a14>
		<!-- Added 27.05.2025: M15 (BPR) - new module -->
		<a15>
			<Name>K-BPR (15)</Name>
			<Location>РП4</Location>
			<Type>K-IPR</Type>
		</a15>
		<!-- Added 27.05.2025: M17 (BPR) - new module -->
		<a17>
			<Name>K-BPR (17)</Name>
			<Location>ШКЗ-2</Location>
			<Type>K-IPR</Type>
		</a17>
		<!-- Added 27.05.2025: M18 (BPR) - new module -->
		<a18>
			<Name>K-BPR (18)</Name>
			<Location>ШКЗ-2</Location>
			<Type>K-IPR</Type>
		</a18>

		<!-- Added 27.05.2025: M19 (BPR) - new module -->
		<a19>
			<Name>K-BPR (19)</Name>
			<Location>ШКЗ-3</Location>
			<Type>K-IPR</Type>
		</a19>
		<!-- Added 27.05.2025: M20 (BPR) - new module -->
		<a20>
			<Name>K-BPR (20)</Name>
			<Location>ШКЗ-4</Location>
			<Type>K-IPR</Type>
		</a20>
		<!-- Added 27.05.2025: M22 (BPR) - new module -->
		<a22>
			<Name>K-BPR (22)</Name>
			<Location>ШКЗ-2</Location>
			<Type>K-IPR</Type>
		</a22>
	</adam1>
	<adam2 DriverIdx="1" dest="RP1-2" typenum="0" subtype="1" baud="115200" port="/dev/ser4">
		<a9>
			<Name>K-BPR (9)</Name>
			<Location>ШКЗ-10</Location>
			<Type>K-IPR</Type>
		</a9>
		<a10>
			<Name>K-BPR (10)</Name>
			<Location>ШКЗ-10</Location>
			<Type>K-IPR</Type>
		</a10>
		<a11>
			<Name>K-BPR (11)</Name>
			<Location>ШКЗ-11</Location>
			<Type>K-IPR</Type>
		</a11>
		<a12>
			<Name>K-BPR (12)</Name>
			<Location>ШКЗ-11</Location>
			<Type>K-IPR</Type>
		</a12>
		<a16>
			<Name>K-BPR (16)</Name>
			<Location>ШКЗ-9</Location>
			<Type>K-IPR</Type>
		</a16>
		<a17>
			<Name>K-BPR (17)</Name>
			<Location>ШКЗ-9</Location>
			<Type>K-IPR</Type>
		</a17>
	</adam2>
	<adam3 DriverIdx="2" dest="KP_Bashnya" typenum="0" subtype="1" baud="115200" port="/dev/ser5">
		<a5>
			<Name>K-BPR (5)</Name>
			<Location>ШКЗ-7</Location>
			<Type>K-IPR</Type>
		</a5>
		<a6>
			<Name>K-BPR (6)</Name>
			<Location>ШКЗ-7</Location>
			<Type>K-IPR</Type>
		</a6>
		<a7>
			<Name>K-BPR (7)</Name>
			<Location>ШКЗ-8</Location>
			<Type>K-IPR</Type>
		</a7>
		<a8>
			<Name>K-BPR (8)</Name>
			<Location>ШКЗ-8</Location>
			<Type>K-IPR</Type>
		</a8>
		<a15>
			<Name>K-BPR (15)</Name>
			<Location>РП4 панель 3</Location>
			<Type>K-IPR</Type>
			<!--  RKS1 /  -->
			<!--  RKS3 /  -->
		</a15>
	</adam3>
	<mitsubishi1 DriverIdx="3" dest="RP1" typenum="1" baud="38400" port="/dev/ser6">
		<!--  m10>
			<Name>Вент10</Name>
			<Power>37</Power>
			<Location>Панель </Location>
			<Type>Mitsubishi</Type>
		</m10  -->
		<m1>
			<Name>ЛК19</Name>
			<Power>7.5</Power>
			<Location>Панель </Location>
			<Type>Mitsubishi</Type>
		</m1>
		<m2>
			<Name>ЦК20</Name>
			<Power>4</Power>
			<Location>Панель </Location>
			<Type>Mitsubishi</Type>
		</m2>
		<m3>
			<Name>ЦК19</Name>
			<Power>45</Power>
			<Location>Панель </Location>
			<Type>Mitsubishi</Type>
		</m3>
		<m4>
			<Name>ЦК18</Name>
			<Power>30</Power>
			<Location>Панель </Location>
			<Type>Mitsubishi</Type>
		</m4>
		<m5>
			<Name>Н12</Name>
			<Power>18.5</Power>
			<Location>Панель </Location>
			<Type>Mitsubishi</Type>
		</m5>
		<m6>
			<Name>Н11</Name>
			<Power>15</Power>
			<Location>Панель </Location>
			<Type>Mitsubishi</Type>
		</m6>
		<m7>
			<Name>Н9</Name>
			<Power>18.5</Power>
			<Location>Панель </Location>
			<Type>Mitsubishi</Type>
		</m7>
		<m8>
			<Name>Н6</Name>
			<Power>18.5</Power>
			<Location>Панель </Location>
			<Type>Mitsubishi</Type>
		</m8>
	</mitsubishi1>
	<mitsubishi2 DriverIdx="4" dest="RP1" typenum="1" baud="38400" port="/dev/ser7">
		<m1>
			<Name>H1</Name>
			<Power>18.5</Power>
			<Location>Панель </Location>
			<Type>Mitsubishi</Type>
		</m1>
		<m2>
			<Name>H2</Name>
			<Power>18.5</Power>
			<Location>Панель </Location>
			<Type>Mitsubishi</Type>
		</m2>
		<m3>
			<Name>H3</Name>
			<Power>18.5</Power>
			<Location>Панель </Location>
			<Type>Mitsubishi</Type>
		</m3>
		<m4>
			<Name>H4</Name>
			<Power>18.5</Power>
			<Location>Панель </Location>
			<Type>Mitsubishi</Type>
		</m4>
		<m5>
			<Name>H5</Name>
			<Power>18.5</Power>
			<Location>Панель </Location>
			<Type>Mitsubishi</Type>
		</m5>
		<m6>
			<Name>ЦК1</Name>
			<Power>15</Power>
			<Location>Панель </Location>
			<Type>Mitsubishi</Type>
		</m6>
		<m7>
			<Name>ЦК2</Name>
			<Power>15</Power>
			<Location>Панель </Location>
			<Type>Mitsubishi</Type>
		</m7>
		<m8>
			<Name>ЦК3</Name>
			<Power>15</Power>
			<Location>Панель </Location>
			<Type>Mitsubishi</Type>
		</m8>
	</mitsubishi2>
</contr>