<asutp Object="Врадіївка">
    <!--  ASU TP Routes configurations  -->
    <Object>Врадіївка</Object>
    <RouteGroups>
        <Auto1 id="0" purposeHint="accept,transit">
            <Monitor id="0">
                <ScreenName>Авто 1</ScreenName>
            </Monitor>
        </Auto1>
        <Auto2 id="1" purposeHint="accept,transit">
            <Monitor id="0">
                <ScreenName>Авто 2</ScreenName>
            </Monitor>
        </Auto2>
        <Auto3 id="2" purposeHint="accept,transit">
            <Monitor id="0">
                <ScreenName>Авто 3</ScreenName>
            </Monitor>
        </Auto3>
        <SU1 id="3" purposeHint="process,deliver">
            <Monitor id="0">
                <ScreenName>СУ1</ScreenName>
            </Monitor>
        </SU1>
        <SU2 id="4" purposeHint="process,deliver">
            <Monitor id="0">
                <ScreenName>СУ2</ScreenName>
            </Monitor>
        </SU2>
        <E1-3 id="5" purposeHint="process,deliver">
            <Monitor id="0">
                <ScreenName>Е1-3</ScreenName>
            </Monitor>
        </E1-3>
        <E4-6 id="6" purposeHint="process,deliver">
            <Monitor id="0">
                <ScreenName>Е4-6</ScreenName>
            </Monitor>
        </E4-6>
        <E7-9 id="7" purposeHint="process,deliver">
            <Monitor id="0">
                <ScreenName>Е7-9</ScreenName>
            </Monitor>
        </E7-9>
    </RouteGroups>
    <Routes>
        <route1>
            <Name>E7-9 - БЗА5</Name>
            <Button>БЗА5</Button>
            <MechType id="2">Route</MechType>
            <Group>7</Group>
            <Classes> </Classes>
            <Mechs>
                <zde7-1 OnStop="3" />
                <zde7-2 OnStop="3" />
                <zde7-3 OnStop="3" />
                <zde7-4 OnStop="3" />
                <zde7-5 OnStop="3" />
                <zde8-1 OnStop="3" />
                <zde8-2 OnStop="3" />
                <zde8-3 OnStop="3" />
                <zde8-4 OnStop="3" />
                <zde8-5 OnStop="3" />
                <zde9-1 OnStop="3" />
                <zde9-2 OnStop="3" />
                <zde9-3 OnStop="3" />
                <zde9-4 OnStop="3" />
                <zde9-5 OnStop="3" />
                <lent19 />
                <nor12 />
            </Mechs>
            <Grain Purpose="del" />
        </route1>
        <route2>
            <Name>Авто2 - E7-9</Name>
            <Button>E7-9</Button>
            <MechType id="2">Route</MechType>
            <Group>1</Group>
            <Classes> </Classes>
            <Mechs>
                <cepn20 />
                <nor6 />
                <cepn19 />
                <nor11 />
                <cepn18 />
            </Mechs>
            <Grain Purpose="acc" />
        </route2>
    </Routes>
    <!--  ........... endroutes ..........   -->
</asutp>